FILIAL;CODTIPOCURSO;CODPROVA;PROVA;CODAREA;CODMATERIA;AVALIADOR;SEQOBJETOAVALIADO;CODQUESTAO;QUESTAO;CODOPCAO;OPCAO;STATUS;RESPOSTA
2;12;00760;Avaliação Docente UniCatolica 2026.1;;;120334;;;NÃO RESPONDEU;0;Não Respondeu;EM ABERTO;
2;12;00760;Avaliação Docente UniCatolica 2026.1;;;125375;;;NÃO RESPONDEU;0;Não Respondeu;EM ABERTO;
2;12;00760;Avaliação Docente UniCatolica 2026.1;;;128131;;;NÃO RESPONDEU;0;Não Respondeu;EM ABERTO;
2;12;00760;Avaliação Docente UniCatolica 2026.1;;;216871;;;NÃO RESPONDEU;0;Não Respondeu;EM ABERTO;
2;12;00760;Avaliação Docente UniCatolica 2026.1;;;271864;;;NÃO RESPONDEU;0;Não Respondeu;EM ABERTO;
2;12;00760;Avaliação Docente UniCatolica 2026.1;;;303539;;;NÃO RESPONDEU;0;Não Respondeu;EM ABERTO;
2;12;00760;Avaliação Docente UniCatolica 2026.1;;;303576;;;NÃO RESPONDEU;0;Não Respondeu;EM ABERTO;
2;12;00760;Avaliação Docente UniCatolica 2026.1;;;325150;;;NÃO RESPONDEU;0;Não Respondeu;EM ABERTO;
2;12;00760;Avaliação Docente UniCatolica 2026.1;;;349734;;;NÃO RESPONDEU;0;Não Respondeu;EM ABERTO;
2;12;00760;Avaliação Docente UniCatolica 2026.1;;;676449;;;NÃO RESPONDEU;0;Não Respondeu;EM ABERTO;
2;12;00760;Avaliação Docente UniCatolica 2026.1;;;793629;;;NÃO RESPONDEU;0;Não Respondeu;EM ABERTO;
2;12;00760;Avaliação Docente UniCatolica 2026.1;;;816530;;;NÃO RESPONDEU;0;Não Respondeu;EM ABERTO;
2;12;00760;Avaliação Docente UniCatolica 2026.1;;;90941012;;;NÃO RESPONDEU;0;Não Respondeu;EM ABERTO;
2;12;00760;Avaliação Docente UniCatolica 2026.1;;;91164533;;;NÃO RESPONDEU;0;Não Respondeu;EM ABERTO;
2;12;00760;Avaliação Docente UniCatolica 2026.1;;;91215052;;;NÃO RESPONDEU;0;Não Respondeu;EM ABERTO;
2;12;00760;Avaliação Docente UniCatolica 2026.1;;;91224493;;;NÃO RESPONDEU;0;Não Respondeu;EM ABERTO;
2;12;00760;Avaliação Docente UniCatolica 2026.1;;;91249775;;;NÃO RESPONDEU;0;Não Respondeu;EM ABERTO;
2;12;00760;Avaliação Docente UniCatolica 2026.1;;;91271824;;;NÃO RESPONDEU;0;Não Respondeu;EM ABERTO;
2;12;00760;Avaliação Docente UniCatolica 2026.1;;;91272002;;;NÃO RESPONDEU;0;Não Respondeu;EM ABERTO;
2;12;00760;Avaliação Docente UniCatolica 2026.1;;;91272192;;;NÃO RESPONDEU;0;Não Respondeu;EM ABERTO;
2;12;00760;Avaliação Docente UniCatolica 2026.1;;;91278136;;;NÃO RESPONDEU;0;Não Respondeu;EM ABERTO;
2;12;00760;Avaliação Docente UniCatolica 2026.1;;;91309767;;;NÃO RESPONDEU;0;Não Respondeu;EM ABERTO;
2;12;00760;Avaliação Docente UniCatolica 2026.1;;;91360608;;;NÃO RESPONDEU;0;Não Respondeu;EM ABERTO;
2;12;00760;Avaliação Docente UniCatolica 2026.1;;;91360779;;;NÃO RESPONDEU;0;Não Respondeu;EM ABERTO;
2;12;00760;Avaliação Docente UniCatolica 2026.1;;;91375388;;;NÃO RESPONDEU;0;Não Respondeu;EM ABERTO;
2;12;00760;Avaliação Docente UniCatolica 2026.1;;;91389606;;;NÃO RESPONDEU;0;Não Respondeu;EM ABERTO;
2;12;00760;Avaliação Docente UniCatolica 2026.1;;;91405973;;;NÃO RESPONDEU;0;Não Respondeu;EM ABERTO;
2;12;00760;Avaliação Docente UniCatolica 2026.1;;;91535798;;;NÃO RESPONDEU;0;Não Respondeu;EM ABERTO;
2;12;00760;Avaliação Docente UniCatolica 2026.1;;;91535966;;;NÃO RESPONDEU;0;Não Respondeu;EM ABERTO;
2;12;00760;Avaliação Docente UniCatolica 2026.1;;;91535970;;;NÃO RESPONDEU;0;Não Respondeu;EM ABERTO;
2;12;00760;Avaliação Docente UniCatolica 2026.1;;;91557539;;;NÃO RESPONDEU;0;Não Respondeu;EM ABERTO;
2;12;00760;Avaliação Docente UniCatolica 2026.1;;;91558558;;;NÃO RESPONDEU;0;Não Respondeu;EM ABERTO;
2;12;00760;Avaliação Docente UniCatolica 2026.1;;;91560475;;;NÃO RESPONDEU;0;Não Respondeu;EM ABERTO;
2;12;00760;Avaliação Docente UniCatolica 2026.1;;;91562848;;;NÃO RESPONDEU;0;Não Respondeu;EM ABERTO;
2;12;00760;Avaliação Docente UniCatolica 2026.1;;;91571043;;;NÃO RESPONDEU;0;Não Respondeu;EM ABERTO;
2;12;00760;Avaliação Docente UniCatolica 2026.1;;;91571944;;;NÃO RESPONDEU;0;Não Respondeu;EM ABERTO;
2;12;00760;Avaliação Docente UniCatolica 2026.1;;;91579357;;;NÃO RESPONDEU;0;Não Respondeu;EM ABERTO;
2;12;00760;Avaliação Docente UniCatolica 2026.1;;;91607301;;;NÃO RESPONDEU;0;Não Respondeu;EM ABERTO;
2;12;00760;Avaliação Docente UniCatolica 2026.1;;;91620683;;;NÃO RESPONDEU;0;Não Respondeu;EM ABERTO;
2;12;00760;Avaliação Docente UniCatolica 2026.1;;;91623364;;;NÃO RESPONDEU;0;Não Respondeu;EM ABERTO;
2;12;00760;Avaliação Docente UniCatolica 2026.1;;;91652774;;;NÃO RESPONDEU;0;Não Respondeu;EM ABERTO;
2;12;00760;Avaliação Docente UniCatolica 2026.1;;;91652807;;;NÃO RESPONDEU;0;Não Respondeu;EM ABERTO;
2;12;00760;Avaliação Docente UniCatolica 2026.1;;;91667480;;;NÃO RESPONDEU;0;Não Respondeu;EM ABERTO;
2;12;00760;Avaliação Docente UniCatolica 2026.1;;;91723019;;;NÃO RESPONDEU;0;Não Respondeu;EM ABERTO;
2;12;00760;Avaliação Docente UniCatolica 2026.1;;;91736991;;;NÃO RESPONDEU;0;Não Respondeu;EM ABERTO;
2;12;00760;Avaliação Docente UniCatolica 2026.1;;;91747037;;;NÃO RESPONDEU;0;Não Respondeu;EM ABERTO;
2;12;00760;Avaliação Docente UniCatolica 2026.1;;;91756007;;;NÃO RESPONDEU;0;Não Respondeu;EM ABERTO;
2;12;00760;Avaliação Docente UniCatolica 2026.1;;;91756252;;;NÃO RESPONDEU;0;Não Respondeu;EM ABERTO;
2;12;00760;Avaliação Docente UniCatolica 2026.1;;;91756986;;;NÃO RESPONDEU;0;Não Respondeu;EM ABERTO;
2;12;00760;Avaliação Docente UniCatolica 2026.1;;;91803418;;;NÃO RESPONDEU;0;Não Respondeu;EM ABERTO;
2;12;00760;Avaliação Docente UniCatolica 2026.1;;;91805207;;;NÃO RESPONDEU;0;Não Respondeu;EM ABERTO;
2;12;00760;Avaliação Docente UniCatolica 2026.1;;;91805543;;;NÃO RESPONDEU;0;Não Respondeu;EM ABERTO;
2;12;00760;Avaliação Docente UniCatolica 2026.1;;;91817210;;;NÃO RESPONDEU;0;Não Respondeu;EM ABERTO;
2;12;00760;Avaliação Docente UniCatolica 2026.1;;;91817831;;;NÃO RESPONDEU;0;Não Respondeu;EM ABERTO;
2;12;00760;Avaliação Docente UniCatolica 2026.1;;;91817840;;;NÃO RESPONDEU;0;Não Respondeu;EM ABERTO;
2;12;00760;Avaliação Docente UniCatolica 2026.1;;;91817847;;;NÃO RESPONDEU;0;Não Respondeu;EM ABERTO;
2;12;00760;Avaliação Docente UniCatolica 2026.1;;;91818177;;;NÃO RESPONDEU;0;Não Respondeu;EM ABERTO;
2;12;00760;Avaliação Docente UniCatolica 2026.1;;;91821975;;;NÃO RESPONDEU;0;Não Respondeu;EM ABERTO;
2;12;00760;Avaliação Docente UniCatolica 2026.1;;;91822308;;;NÃO RESPONDEU;0;Não Respondeu;EM ABERTO;
2;12;00760;Avaliação Docente UniCatolica 2026.1;;;91822925;;;NÃO RESPONDEU;0;Não Respondeu;EM ABERTO;
2;12;00760;Avaliação Docente UniCatolica 2026.1;;;91823830;;;NÃO RESPONDEU;0;Não Respondeu;EM ABERTO;
2;12;00760;Avaliação Docente UniCatolica 2026.1;;;91845017;;;NÃO RESPONDEU;0;Não Respondeu;EM ABERTO;
2;12;00760;Avaliação Docente UniCatolica 2026.1;;;91845030;;;NÃO RESPONDEU;0;Não Respondeu;EM ABERTO;
2;12;00760;Avaliação Docente UniCatolica 2026.1;;;91845038;;;NÃO RESPONDEU;0;Não Respondeu;EM ABERTO;
2;12;00760;Avaliação Docente UniCatolica 2026.1;;;91847619;;;NÃO RESPONDEU;0;Não Respondeu;EM ABERTO;
2;12;00760;Avaliação Docente UniCatolica 2026.1;;;91848153;;;NÃO RESPONDEU;0;Não Respondeu;EM ABERTO;
2;12;00760;Avaliação Docente UniCatolica 2026.1;;;91849587;;;NÃO RESPONDEU;0;Não Respondeu;EM ABERTO;
2;12;00760;Avaliação Docente UniCatolica 2026.1;;;91863302;;;NÃO RESPONDEU;0;Não Respondeu;EM ABERTO;
2;12;00760;Avaliação Docente UniCatolica 2026.1;;;91864006;;;NÃO RESPONDEU;0;Não Respondeu;EM ABERTO;
2;12;00760;Avaliação Docente UniCatolica 2026.1;;;91864011;;;NÃO RESPONDEU;0;Não Respondeu;EM ABERTO;
2;12;00760;Avaliação Docente UniCatolica 2026.1;;;91871408;;;NÃO RESPONDEU;0;Não Respondeu;EM ABERTO;
2;12;00760;Avaliação Docente UniCatolica 2026.1;;;91875261;;;NÃO RESPONDEU;0;Não Respondeu;EM ABERTO;
2;12;00760;Avaliação Docente UniCatolica 2026.1;;;91887163;;;NÃO RESPONDEU;0;Não Respondeu;EM ABERTO;
2;12;00760;Avaliação Docente UniCatolica 2026.1;;;91887164;;;NÃO RESPONDEU;0;Não Respondeu;EM ABERTO;
2;12;00760;Avaliação Docente UniCatolica 2026.1;;;91887298;;;NÃO RESPONDEU;0;Não Respondeu;EM ABERTO;
2;12;00760;Avaliação Docente UniCatolica 2026.1;;;91899650;;;NÃO RESPONDEU;0;Não Respondeu;EM ABERTO;
2;12;00760;Avaliação Docente UniCatolica 2026.1;;;91899889;;;NÃO RESPONDEU;0;Não Respondeu;EM ABERTO;
2;12;00760;Avaliação Docente UniCatolica 2026.1;;;91899936;;;NÃO RESPONDEU;0;Não Respondeu;EM ABERTO;
2;12;00760;Avaliação Docente UniCatolica 2026.1;;;91901740;;;NÃO RESPONDEU;0;Não Respondeu;EM ABERTO;
2;12;00760;Avaliação Docente UniCatolica 2026.1;218;1;132184;52105;1;Efetividade das melhorias decorrentes da autoavaliação institucional;B;Bom;CONCLUIDO;
2;12;00760;Avaliação Docente UniCatolica 2026.1;218;1;132184;52105;10;Apoio institucional para execução dos planos de ensino;A;Excelente;CONCLUIDO;
2;12;00760;Avaliação Docente UniCatolica 2026.1;218;1;132184;52105;11;Comentários/Sugestões para melhorias:;;;CONCLUIDO;
2;12;00760;Avaliação Docente UniCatolica 2026.1;218;1;132184;52105;2;Feedback sobre os resultados da avaliação institucional;B;Bom;CONCLUIDO;
2;12;00760;Avaliação Docente UniCatolica 2026.1;218;1;132184;52105;3;Coerência entre a Missão Institucional "Ser presença educativa, por meio de ações em rede de Ensino, Pesquisa e Extensão que propiciem a formação integral da comunidade e contribuam com a transformação da sociedade." e os Planos de Ensino;B;Bom;CONCLUIDO;
2;12;00760;Avaliação Docente UniCatolica 2026.1;218;1;132184;52105;4;Coerência entre a Missão Institucional e os Projetos de Extensão;B;Bom;CONCLUIDO;
2;12;00760;Avaliação Docente UniCatolica 2026.1;218;1;132184;52105;5;Coerência entre a Missão Institucional e atividades culturais e artísticas;B;Bom;CONCLUIDO;
2;12;00760;Avaliação Docente UniCatolica 2026.1;218;1;132184;52105;6;Coerência entre a Missão Institucional e atividades de iniciação científica e tecnológica;B;Bom;CONCLUIDO;
2;12;00760;Avaliação Docente UniCatolica 2026.1;218;1;132184;52105;7;Coerência entre a Missão Institucional e atividades relacionadas à espiritualidade;B;Bom;CONCLUIDO;
2;12;00760;Avaliação Docente UniCatolica 2026.1;218;1;132184;52105;8;Coerência entre a Missão Institucional e iniciativas efetivas de preservação ambiental;B;Bom;CONCLUIDO;
2;12;00760;Avaliação Docente UniCatolica 2026.1;218;1;132184;52105;9;Divulgação e clareza dos editais (extensão e iniciação científica);A;Excelente;CONCLUIDO;
2;12;00760;Avaliação Docente UniCatolica 2026.1;218;1;275125;52105;1;Efetividade das melhorias decorrentes da autoavaliação institucional;A;Excelente;CONCLUIDO;
2;12;00760;Avaliação Docente UniCatolica 2026.1;218;1;275125;52105;11;Comentários/Sugestões para melhorias:;;;CONCLUIDO;
2;12;00760;Avaliação Docente UniCatolica 2026.1;218;1;275125;52105;2;Feedback sobre os resultados da avaliação institucional;B;Bom;CONCLUIDO;
2;12;00760;Avaliação Docente UniCatolica 2026.1;218;1;275125;52105;3;Coerência entre a Missão Institucional "Ser presença educativa, por meio de ações em rede de Ensino, Pesquisa e Extensão que propiciem a formação integral da comunidade e contribuam com a transformação da sociedade." e os Planos de Ensino;A;Excelente;CONCLUIDO;
2;12;00760;Avaliação Docente UniCatolica 2026.1;218;1;275125;52105;4;Coerência entre a Missão Institucional e os Projetos de Extensão;A;Excelente;CONCLUIDO;
2;12;00760;Avaliação Docente UniCatolica 2026.1;218;1;275125;52105;5;Coerência entre a Missão Institucional e atividades culturais e artísticas;A;Excelente;CONCLUIDO;
2;12;00760;Avaliação Docente UniCatolica 2026.1;218;1;275125;52105;6;Coerência entre a Missão Institucional e atividades de iniciação científica e tecnológica;A;Excelente;CONCLUIDO;
2;12;00760;Avaliação Docente UniCatolica 2026.1;218;1;275125;52105;7;Coerência entre a Missão Institucional e atividades relacionadas à espiritualidade;A;Excelente;CONCLUIDO;
2;12;00760;Avaliação Docente UniCatolica 2026.1;218;1;275125;52105;8;Coerência entre a Missão Institucional e iniciativas efetivas de preservação ambiental;A;Excelente;CONCLUIDO;
2;12;00760;Avaliação Docente UniCatolica 2026.1;218;1;275125;52105;9;Divulgação e clareza dos editais (extensão e iniciação científica);B;Bom;CONCLUIDO;
2;12;00760;Avaliação Docente UniCatolica 2026.1;218;1;708759;52105;1;Efetividade das melhorias decorrentes da autoavaliação institucional;B;Bom;CONCLUIDO;
2;12;00760;Avaliação Docente UniCatolica 2026.1;218;1;708759;52105;10;Apoio institucional para execução dos planos de ensino;A;Excelente;CONCLUIDO;
2;12;00760;Avaliação Docente UniCatolica 2026.1;218;1;708759;52105;11;Comentários/Sugestões para melhorias:;;;CONCLUIDO;
2;12;00760;Avaliação Docente UniCatolica 2026.1;218;1;708759;52105;2;Feedback sobre os resultados da avaliação institucional;A;Excelente;CONCLUIDO;
2;12;00760;Avaliação Docente UniCatolica 2026.1;218;1;708759;52105;3;Coerência entre a Missão Institucional "Ser presença educativa, por meio de ações em rede de Ensino, Pesquisa e Extensão que propiciem a formação integral da comunidade e contribuam com a transformação da sociedade." e os Planos de Ensino;A;Excelente;CONCLUIDO;
2;12;00760;Avaliação Docente UniCatolica 2026.1;218;1;708759;52105;4;Coerência entre a Missão Institucional e os Projetos de Extensão;A;Excelente;CONCLUIDO;
2;12;00760;Avaliação Docente UniCatolica 2026.1;218;1;708759;52105;5;Coerência entre a Missão Institucional e atividades culturais e artísticas;A;Excelente;CONCLUIDO;
2;12;00760;Avaliação Docente UniCatolica 2026.1;218;1;708759;52105;6;Coerência entre a Missão Institucional e atividades de iniciação científica e tecnológica;A;Excelente;CONCLUIDO;
2;12;00760;Avaliação Docente UniCatolica 2026.1;218;1;708759;52105;7;Coerência entre a Missão Institucional e atividades relacionadas à espiritualidade;A;Excelente;CONCLUIDO;
2;12;00760;Avaliação Docente UniCatolica 2026.1;218;1;708759;52105;8;Coerência entre a Missão Institucional e iniciativas efetivas de preservação ambiental;A;Excelente;CONCLUIDO;
2;12;00760;Avaliação Docente UniCatolica 2026.1;218;1;708759;52105;9;Divulgação e clareza dos editais (extensão e iniciação científica);B;Bom;CONCLUIDO;
2;12;00760;Avaliação Docente UniCatolica 2026.1;218;1;91222549;52105;1;Efetividade das melhorias decorrentes da autoavaliação institucional;A;Excelente;CONCLUIDO;
2;12;00760;Avaliação Docente UniCatolica 2026.1;218;1;91222549;52105;10;Apoio institucional para execução dos planos de ensino;A;Excelente;CONCLUIDO;
2;12;00760;Avaliação Docente UniCatolica 2026.1;218;1;91222549;52105;11;Comentários/Sugestões para melhorias:;;;CONCLUIDO;
2;12;00760;Avaliação Docente UniCatolica 2026.1;218;1;91222549;52105;2;Feedback sobre os resultados da avaliação institucional;A;Excelente;CONCLUIDO;
2;12;00760;Avaliação Docente UniCatolica 2026.1;218;1;91222549;52105;3;Coerência entre a Missão Institucional "Ser presença educativa, por meio de ações em rede de Ensino, Pesquisa e Extensão que propiciem a formação integral da comunidade e contribuam com a transformação da sociedade." e os Planos de Ensino;A;Excelente;CONCLUIDO;
2;12;00760;Avaliação Docente UniCatolica 2026.1;218;1;91222549;52105;4;Coerência entre a Missão Institucional e os Projetos de Extensão;A;Excelente;CONCLUIDO;
2;12;00760;Avaliação Docente UniCatolica 2026.1;218;1;91222549;52105;5;Coerência entre a Missão Institucional e atividades culturais e artísticas;A;Excelente;CONCLUIDO;
2;12;00760;Avaliação Docente UniCatolica 2026.1;218;1;91222549;52105;6;Coerência entre a Missão Institucional e atividades de iniciação científica e tecnológica;A;Excelente;CONCLUIDO;
2;12;00760;Avaliação Docente UniCatolica 2026.1;218;1;91222549;52105;7;Coerência entre a Missão Institucional e atividades relacionadas à espiritualidade;A;Excelente;CONCLUIDO;
2;12;00760;Avaliação Docente UniCatolica 2026.1;218;1;91222549;52105;8;Coerência entre a Missão Institucional e iniciativas efetivas de preservação ambiental;A;Excelente;CONCLUIDO;
2;12;00760;Avaliação Docente UniCatolica 2026.1;218;1;91222549;52105;9;Divulgação e clareza dos editais (extensão e iniciação científica);C;Regular;CONCLUIDO;
2;12;00760;Avaliação Docente UniCatolica 2026.1;218;1;91243695;52105;1;Efetividade das melhorias decorrentes da autoavaliação institucional;B;Bom;CONCLUIDO;
2;12;00760;Avaliação Docente UniCatolica 2026.1;218;1;91243695;52105;10;Apoio institucional para execução dos planos de ensino;B;Bom;CONCLUIDO;
2;12;00760;Avaliação Docente UniCatolica 2026.1;218;1;91243695;52105;11;Comentários/Sugestões para melhorias:;;;CONCLUIDO;
2;12;00760;Avaliação Docente UniCatolica 2026.1;218;1;91243695;52105;2;Feedback sobre os resultados da avaliação institucional;B;Bom;CONCLUIDO;
2;12;00760;Avaliação Docente UniCatolica 2026.1;218;1;91243695;52105;3;Coerência entre a Missão Institucional "Ser presença educativa, por meio de ações em rede de Ensino, Pesquisa e Extensão que propiciem a formação integral da comunidade e contribuam com a transformação da sociedade." e os Planos de Ensino;B;Bom;CONCLUIDO;
2;12;00760;Avaliação Docente UniCatolica 2026.1;218;1;91243695;52105;4;Coerência entre a Missão Institucional e os Projetos de Extensão;A;Excelente;CONCLUIDO;
2;12;00760;Avaliação Docente UniCatolica 2026.1;218;1;91243695;52105;5;Coerência entre a Missão Institucional e atividades culturais e artísticas;B;Bom;CONCLUIDO;
2;12;00760;Avaliação Docente UniCatolica 2026.1;218;1;91243695;52105;6;Coerência entre a Missão Institucional e atividades de iniciação científica e tecnológica;A;Excelente;CONCLUIDO;
2;12;00760;Avaliação Docente UniCatolica 2026.1;218;1;91243695;52105;7;Coerência entre a Missão Institucional e atividades relacionadas à espiritualidade;B;Bom;CONCLUIDO;
2;12;00760;Avaliação Docente UniCatolica 2026.1;218;1;91243695;52105;8;Coerência entre a Missão Institucional e iniciativas efetivas de preservação ambiental;B;Bom;CONCLUIDO;
2;12;00760;Avaliação Docente UniCatolica 2026.1;218;1;91243695;52105;9;Divulgação e clareza dos editais (extensão e iniciação científica);C;Regular;CONCLUIDO;
2;12;00760;Avaliação Docente UniCatolica 2026.1;218;1;91360756;52105;1;Efetividade das melhorias decorrentes da autoavaliação institucional;A;Excelente;CONCLUIDO;
2;12;00760;Avaliação Docente UniCatolica 2026.1;218;1;91360756;52105;10;Apoio institucional para execução dos planos de ensino;A;Excelente;CONCLUIDO;
2;12;00760;Avaliação Docente UniCatolica 2026.1;218;1;91360756;52105;11;Comentários/Sugestões para melhorias:;;;CONCLUIDO;
2;12;00760;Avaliação Docente UniCatolica 2026.1;218;1;91360756;52105;2;Feedback sobre os resultados da avaliação institucional;A;Excelente;CONCLUIDO;
2;12;00760;Avaliação Docente UniCatolica 2026.1;218;1;91360756;52105;3;Coerência entre a Missão Institucional "Ser presença educativa, por meio de ações em rede de Ensino, Pesquisa e Extensão que propiciem a formação integral da comunidade e contribuam com a transformação da sociedade." e os Planos de Ensino;A;Excelente;CONCLUIDO;
2;12;00760;Avaliação Docente UniCatolica 2026.1;218;1;91360756;52105;4;Coerência entre a Missão Institucional e os Projetos de Extensão;A;Excelente;CONCLUIDO;
2;12;00760;Avaliação Docente UniCatolica 2026.1;218;1;91360756;52105;5;Coerência entre a Missão Institucional e atividades culturais e artísticas;A;Excelente;CONCLUIDO;
2;12;00760;Avaliação Docente UniCatolica 2026.1;218;1;91360756;52105;6;Coerência entre a Missão Institucional e atividades de iniciação científica e tecnológica;A;Excelente;CONCLUIDO;
2;12;00760;Avaliação Docente UniCatolica 2026.1;218;1;91360756;52105;7;Coerência entre a Missão Institucional e atividades relacionadas à espiritualidade;C;Regular;CONCLUIDO;
2;12;00760;Avaliação Docente UniCatolica 2026.1;218;1;91360756;52105;8;Coerência entre a Missão Institucional e iniciativas efetivas de preservação ambiental;C;Regular;CONCLUIDO;
2;12;00760;Avaliação Docente UniCatolica 2026.1;218;1;91360756;52105;9;Divulgação e clareza dos editais (extensão e iniciação científica);B;Bom;CONCLUIDO;
2;12;00760;Avaliação Docente UniCatolica 2026.1;218;1;91579791;52105;1;Efetividade das melhorias decorrentes da autoavaliação institucional;A;Excelente;CONCLUIDO;
2;12;00760;Avaliação Docente UniCatolica 2026.1;218;1;91579791;52105;10;Apoio institucional para execução dos planos de ensino;A;Excelente;CONCLUIDO;
2;12;00760;Avaliação Docente UniCatolica 2026.1;218;1;91579791;52105;11;Comentários/Sugestões para melhorias:;;;CONCLUIDO;
2;12;00760;Avaliação Docente UniCatolica 2026.1;218;1;91579791;52105;2;Feedback sobre os resultados da avaliação institucional;A;Excelente;CONCLUIDO;
2;12;00760;Avaliação Docente UniCatolica 2026.1;218;1;91579791;52105;3;Coerência entre a Missão Institucional "Ser presença educativa, por meio de ações em rede de Ensino, Pesquisa e Extensão que propiciem a formação integral da comunidade e contribuam com a transformação da sociedade." e os Planos de Ensino;A;Excelente;CONCLUIDO;
2;12;00760;Avaliação Docente UniCatolica 2026.1;218;1;91579791;52105;4;Coerência entre a Missão Institucional e os Projetos de Extensão;A;Excelente;CONCLUIDO;
2;12;00760;Avaliação Docente UniCatolica 2026.1;218;1;91579791;52105;5;Coerência entre a Missão Institucional e atividades culturais e artísticas;A;Excelente;CONCLUIDO;
2;12;00760;Avaliação Docente UniCatolica 2026.1;218;1;91579791;52105;6;Coerência entre a Missão Institucional e atividades de iniciação científica e tecnológica;A;Excelente;CONCLUIDO;
2;12;00760;Avaliação Docente UniCatolica 2026.1;218;1;91579791;52105;7;Coerência entre a Missão Institucional e atividades relacionadas à espiritualidade;A;Excelente;CONCLUIDO;
2;12;00760;Avaliação Docente UniCatolica 2026.1;218;1;91579791;52105;8;Coerência entre a Missão Institucional e iniciativas efetivas de preservação ambiental;A;Excelente;CONCLUIDO;
2;12;00760;Avaliação Docente UniCatolica 2026.1;218;1;91579791;52105;9;Divulgação e clareza dos editais (extensão e iniciação científica);A;Excelente;CONCLUIDO;
2;12;00760;Avaliação Docente UniCatolica 2026.1;218;1;91638426;52105;1;Efetividade das melhorias decorrentes da autoavaliação institucional;A;Excelente;CONCLUIDO;
2;12;00760;Avaliação Docente UniCatolica 2026.1;218;1;91638426;52105;10;Apoio institucional para execução dos planos de ensino;B;Bom;CONCLUIDO;
2;12;00760;Avaliação Docente UniCatolica 2026.1;218;1;91638426;52105;11;Comentários/Sugestões para melhorias:;;;CONCLUIDO;
2;12;00760;Avaliação Docente UniCatolica 2026.1;218;1;91638426;52105;2;Feedback sobre os resultados da avaliação institucional;A;Excelente;CONCLUIDO;
2;12;00760;Avaliação Docente UniCatolica 2026.1;218;1;91638426;52105;3;Coerência entre a Missão Institucional "Ser presença educativa, por meio de ações em rede de Ensino, Pesquisa e Extensão que propiciem a formação integral da comunidade e contribuam com a transformação da sociedade." e os Planos de Ensino;A;Excelente;CONCLUIDO;
2;12;00760;Avaliação Docente UniCatolica 2026.1;218;1;91638426;52105;4;Coerência entre a Missão Institucional e os Projetos de Extensão;A;Excelente;CONCLUIDO;
2;12;00760;Avaliação Docente UniCatolica 2026.1;218;1;91638426;52105;5;Coerência entre a Missão Institucional e atividades culturais e artísticas;B;Bom;CONCLUIDO;
2;12;00760;Avaliação Docente UniCatolica 2026.1;218;1;91638426;52105;6;Coerência entre a Missão Institucional e atividades de iniciação científica e tecnológica;A;Excelente;CONCLUIDO;
2;12;00760;Avaliação Docente UniCatolica 2026.1;218;1;91638426;52105;7;Coerência entre a Missão Institucional e atividades relacionadas à espiritualidade;B;Bom;CONCLUIDO;
2;12;00760;Avaliação Docente UniCatolica 2026.1;218;1;91638426;52105;8;Coerência entre a Missão Institucional e iniciativas efetivas de preservação ambiental;B;Bom;CONCLUIDO;
2;12;00760;Avaliação Docente UniCatolica 2026.1;218;1;91638426;52105;9;Divulgação e clareza dos editais (extensão e iniciação científica);B;Bom;CONCLUIDO;
2;12;00760;Avaliação Docente UniCatolica 2026.1;218;1;91718977;52105;1;Efetividade das melhorias decorrentes da autoavaliação institucional;B;Bom;CONCLUIDO;
2;12;00760;Avaliação Docente UniCatolica 2026.1;218;1;91718977;52105;10;Apoio institucional para execução dos planos de ensino;A;Excelente;CONCLUIDO;
2;12;00760;Avaliação Docente UniCatolica 2026.1;218;1;91718977;52105;11;Comentários/Sugestões para melhorias:;;;CONCLUIDO;
2;12;00760;Avaliação Docente UniCatolica 2026.1;218;1;91718977;52105;2;Feedback sobre os resultados da avaliação institucional;B;Bom;CONCLUIDO;
2;12;00760;Avaliação Docente UniCatolica 2026.1;218;1;91718977;52105;4;Coerência entre a Missão Institucional e os Projetos de Extensão;C;Regular;CONCLUIDO;
2;12;00760;Avaliação Docente UniCatolica 2026.1;218;1;91718977;52105;5;Coerência entre a Missão Institucional e atividades culturais e artísticas;B;Bom;CONCLUIDO;
2;12;00760;Avaliação Docente UniCatolica 2026.1;218;1;91718977;52105;6;Coerência entre a Missão Institucional e atividades de iniciação científica e tecnológica;B;Bom;CONCLUIDO;
2;12;00760;Avaliação Docente UniCatolica 2026.1;218;1;91718977;52105;7;Coerência entre a Missão Institucional e atividades relacionadas à espiritualidade;C;Regular;CONCLUIDO;
2;12;00760;Avaliação Docente UniCatolica 2026.1;218;1;91718977;52105;8;Coerência entre a Missão Institucional e iniciativas efetivas de preservação ambiental;B;Bom;CONCLUIDO;
2;12;00760;Avaliação Docente UniCatolica 2026.1;218;1;91718977;52105;9;Divulgação e clareza dos editais (extensão e iniciação científica);A;Excelente;CONCLUIDO;
2;12;00760;Avaliação Docente UniCatolica 2026.1;218;1;91737584;52105;1;Efetividade das melhorias decorrentes da autoavaliação institucional;A;Excelente;CONCLUIDO;
2;12;00760;Avaliação Docente UniCatolica 2026.1;218;1;91737584;52105;10;Apoio institucional para execução dos planos de ensino;A;Excelente;CONCLUIDO;
2;12;00760;Avaliação Docente UniCatolica 2026.1;218;1;91737584;52105;11;Comentários/Sugestões para melhorias:;;;CONCLUIDO;
2;12;00760;Avaliação Docente UniCatolica 2026.1;218;1;91737584;52105;2;Feedback sobre os resultados da avaliação institucional;A;Excelente;CONCLUIDO;
2;12;00760;Avaliação Docente UniCatolica 2026.1;218;1;91737584;52105;3;Coerência entre a Missão Institucional "Ser presença educativa, por meio de ações em rede de Ensino, Pesquisa e Extensão que propiciem a formação integral da comunidade e contribuam com a transformação da sociedade." e os Planos de Ensino;B;Bom;CONCLUIDO;
2;12;00760;Avaliação Docente UniCatolica 2026.1;218;1;91737584;52105;4;Coerência entre a Missão Institucional e os Projetos de Extensão;A;Excelente;CONCLUIDO;
2;12;00760;Avaliação Docente UniCatolica 2026.1;218;1;91737584;52105;5;Coerência entre a Missão Institucional e atividades culturais e artísticas;A;Excelente;CONCLUIDO;
2;12;00760;Avaliação Docente UniCatolica 2026.1;218;1;91737584;52105;6;Coerência entre a Missão Institucional e atividades de iniciação científica e tecnológica;A;Excelente;CONCLUIDO;
2;12;00760;Avaliação Docente UniCatolica 2026.1;218;1;91737584;52105;7;Coerência entre a Missão Institucional e atividades relacionadas à espiritualidade;A;Excelente;CONCLUIDO;
2;12;00760;Avaliação Docente UniCatolica 2026.1;218;1;91737584;52105;8;Coerência entre a Missão Institucional e iniciativas efetivas de preservação ambiental;A;Excelente;CONCLUIDO;
2;12;00760;Avaliação Docente UniCatolica 2026.1;218;1;91737584;52105;9;Divulgação e clareza dos editais (extensão e iniciação científica);B;Bom;CONCLUIDO;
2;12;00760;Avaliação Docente UniCatolica 2026.1;218;1;91756121;52105;1;Efetividade das melhorias decorrentes da autoavaliação institucional;C;Regular;CONCLUIDO;
2;12;00760;Avaliação Docente UniCatolica 2026.1;218;1;91756121;52105;10;Apoio institucional para execução dos planos de ensino;C;Regular;CONCLUIDO;
2;12;00760;Avaliação Docente UniCatolica 2026.1;218;1;91756121;52105;11;Comentários/Sugestões para melhorias:;;;CONCLUIDO;
2;12;00760;Avaliação Docente UniCatolica 2026.1;218;1;91756121;52105;2;Feedback sobre os resultados da avaliação institucional;B;Bom;CONCLUIDO;
2;12;00760;Avaliação Docente UniCatolica 2026.1;218;1;91756121;52105;3;Coerência entre a Missão Institucional "Ser presença educativa, por meio de ações em rede de Ensino, Pesquisa e Extensão que propiciem a formação integral da comunidade e contribuam com a transformação da sociedade." e os Planos de Ensino;B;Bom;CONCLUIDO;
2;12;00760;Avaliação Docente UniCatolica 2026.1;218;1;91756121;52105;4;Coerência entre a Missão Institucional e os Projetos de Extensão;A;Excelente;CONCLUIDO;
2;12;00760;Avaliação Docente UniCatolica 2026.1;218;1;91756121;52105;5;Coerência entre a Missão Institucional e atividades culturais e artísticas;B;Bom;CONCLUIDO;
2;12;00760;Avaliação Docente UniCatolica 2026.1;218;1;91756121;52105;6;Coerência entre a Missão Institucional e atividades de iniciação científica e tecnológica;A;Excelente;CONCLUIDO;
2;12;00760;Avaliação Docente UniCatolica 2026.1;218;1;91756121;52105;7;Coerência entre a Missão Institucional e atividades relacionadas à espiritualidade;A;Excelente;CONCLUIDO;
2;12;00760;Avaliação Docente UniCatolica 2026.1;218;1;91756121;52105;8;Coerência entre a Missão Institucional e iniciativas efetivas de preservação ambiental;C;Regular;CONCLUIDO;
2;12;00760;Avaliação Docente UniCatolica 2026.1;218;1;91756121;52105;9;Divulgação e clareza dos editais (extensão e iniciação científica);A;Excelente;CONCLUIDO;
2;12;00760;Avaliação Docente UniCatolica 2026.1;218;1;91757783;52105;1;Efetividade das melhorias decorrentes da autoavaliação institucional;B;Bom;CONCLUIDO;
2;12;00760;Avaliação Docente UniCatolica 2026.1;218;1;91757783;52105;10;Apoio institucional para execução dos planos de ensino;A;Excelente;CONCLUIDO;
2;12;00760;Avaliação Docente UniCatolica 2026.1;218;1;91757783;52105;11;Comentários/Sugestões para melhorias:;;;CONCLUIDO;
2;12;00760;Avaliação Docente UniCatolica 2026.1;218;1;91757783;52105;2;Feedback sobre os resultados da avaliação institucional;B;Bom;CONCLUIDO;
2;12;00760;Avaliação Docente UniCatolica 2026.1;218;1;91757783;52105;3;Coerência entre a Missão Institucional "Ser presença educativa, por meio de ações em rede de Ensino, Pesquisa e Extensão que propiciem a formação integral da comunidade e contribuam com a transformação da sociedade." e os Planos de Ensino;A;Excelente;CONCLUIDO;
2;12;00760;Avaliação Docente UniCatolica 2026.1;218;1;91757783;52105;4;Coerência entre a Missão Institucional e os Projetos de Extensão;A;Excelente;CONCLUIDO;
2;12;00760;Avaliação Docente UniCatolica 2026.1;218;1;91757783;52105;5;Coerência entre a Missão Institucional e atividades culturais e artísticas;A;Excelente;CONCLUIDO;
2;12;00760;Avaliação Docente UniCatolica 2026.1;218;1;91757783;52105;6;Coerência entre a Missão Institucional e atividades de iniciação científica e tecnológica;A;Excelente;CONCLUIDO;
2;12;00760;Avaliação Docente UniCatolica 2026.1;218;1;91757783;52105;7;Coerência entre a Missão Institucional e atividades relacionadas à espiritualidade;A;Excelente;CONCLUIDO;
2;12;00760;Avaliação Docente UniCatolica 2026.1;218;1;91757783;52105;8;Coerência entre a Missão Institucional e iniciativas efetivas de preservação ambiental;B;Bom;CONCLUIDO;
2;12;00760;Avaliação Docente UniCatolica 2026.1;218;1;91757783;52105;9;Divulgação e clareza dos editais (extensão e iniciação científica);A;Excelente;CONCLUIDO;
2;12;00760;Avaliação Docente UniCatolica 2026.1;218;1;91759903;52105;1;Efetividade das melhorias decorrentes da autoavaliação institucional;B;Bom;CONCLUIDO;
2;12;00760;Avaliação Docente UniCatolica 2026.1;218;1;91759903;52105;10;Apoio institucional para execução dos planos de ensino;A;Excelente;CONCLUIDO;
2;12;00760;Avaliação Docente UniCatolica 2026.1;218;1;91759903;52105;11;Comentários/Sugestões para melhorias:;;;CONCLUIDO;
2;12;00760;Avaliação Docente UniCatolica 2026.1;218;1;91759903;52105;2;Feedback sobre os resultados da avaliação institucional;A;Excelente;CONCLUIDO;
2;12;00760;Avaliação Docente UniCatolica 2026.1;218;1;91759903;52105;3;Coerência entre a Missão Institucional "Ser presença educativa, por meio de ações em rede de Ensino, Pesquisa e Extensão que propiciem a formação integral da comunidade e contribuam com a transformação da sociedade." e os Planos de Ensino;A;Excelente;CONCLUIDO;
2;12;00760;Avaliação Docente UniCatolica 2026.1;218;1;91759903;52105;4;Coerência entre a Missão Institucional e os Projetos de Extensão;A;Excelente;CONCLUIDO;
2;12;00760;Avaliação Docente UniCatolica 2026.1;218;1;91759903;52105;5;Coerência entre a Missão Institucional e atividades culturais e artísticas;A;Excelente;CONCLUIDO;
2;12;00760;Avaliação Docente UniCatolica 2026.1;218;1;91759903;52105;6;Coerência entre a Missão Institucional e atividades de iniciação científica e tecnológica;A;Excelente;CONCLUIDO;
2;12;00760;Avaliação Docente UniCatolica 2026.1;218;1;91759903;52105;7;Coerência entre a Missão Institucional e atividades relacionadas à espiritualidade;B;Bom;CONCLUIDO;
2;12;00760;Avaliação Docente UniCatolica 2026.1;218;1;91759903;52105;8;Coerência entre a Missão Institucional e iniciativas efetivas de preservação ambiental;B;Bom;CONCLUIDO;
2;12;00760;Avaliação Docente UniCatolica 2026.1;218;1;91759903;52105;9;Divulgação e clareza dos editais (extensão e iniciação científica);A;Excelente;CONCLUIDO;
2;12;00760;Avaliação Docente UniCatolica 2026.1;218;1;91830063;52105;1;Efetividade das melhorias decorrentes da autoavaliação institucional;A;Excelente;CONCLUIDO;
2;12;00760;Avaliação Docente UniCatolica 2026.1;218;1;91830063;52105;10;Apoio institucional para execução dos planos de ensino;B;Bom;CONCLUIDO;
2;12;00760;Avaliação Docente UniCatolica 2026.1;218;1;91830063;52105;11;Comentários/Sugestões para melhorias:;;;CONCLUIDO;
2;12;00760;Avaliação Docente UniCatolica 2026.1;218;1;91830063;52105;2;Feedback sobre os resultados da avaliação institucional;B;Bom;CONCLUIDO;
2;12;00760;Avaliação Docente UniCatolica 2026.1;218;1;91830063;52105;3;Coerência entre a Missão Institucional "Ser presença educativa, por meio de ações em rede de Ensino, Pesquisa e Extensão que propiciem a formação integral da comunidade e contribuam com a transformação da sociedade." e os Planos de Ensino;A;Excelente;CONCLUIDO;
2;12;00760;Avaliação Docente UniCatolica 2026.1;218;1;91830063;52105;4;Coerência entre a Missão Institucional e os Projetos de Extensão;B;Bom;CONCLUIDO;
2;12;00760;Avaliação Docente UniCatolica 2026.1;218;1;91830063;52105;5;Coerência entre a Missão Institucional e atividades culturais e artísticas;A;Excelente;CONCLUIDO;
2;12;00760;Avaliação Docente UniCatolica 2026.1;218;1;91830063;52105;6;Coerência entre a Missão Institucional e atividades de iniciação científica e tecnológica;B;Bom;CONCLUIDO;
2;12;00760;Avaliação Docente UniCatolica 2026.1;218;1;91830063;52105;7;Coerência entre a Missão Institucional e atividades relacionadas à espiritualidade;A;Excelente;CONCLUIDO;
2;12;00760;Avaliação Docente UniCatolica 2026.1;218;1;91830063;52105;8;Coerência entre a Missão Institucional e iniciativas efetivas de preservação ambiental;B;Bom;CONCLUIDO;
2;12;00760;Avaliação Docente UniCatolica 2026.1;218;1;91830063;52105;9;Divulgação e clareza dos editais (extensão e iniciação científica);A;Excelente;CONCLUIDO;
2;12;00760;Avaliação Docente UniCatolica 2026.1;218;1;91830088;52105;1;Efetividade das melhorias decorrentes da autoavaliação institucional;D;Insatisfeito;CONCLUIDO;
2;12;00760;Avaliação Docente UniCatolica 2026.1;218;1;91830088;52105;10;Apoio institucional para execução dos planos de ensino;A;Excelente;CONCLUIDO;
2;12;00760;Avaliação Docente UniCatolica 2026.1;218;1;91830088;52105;11;Comentários/Sugestões para melhorias:;;;CONCLUIDO;
2;12;00760;Avaliação Docente UniCatolica 2026.1;218;1;91830088;52105;2;Feedback sobre os resultados da avaliação institucional;B;Bom;CONCLUIDO;
2;12;00760;Avaliação Docente UniCatolica 2026.1;218;1;91830088;52105;3;Coerência entre a Missão Institucional "Ser presença educativa, por meio de ações em rede de Ensino, Pesquisa e Extensão que propiciem a formação integral da comunidade e contribuam com a transformação da sociedade." e os Planos de Ensino;A;Excelente;CONCLUIDO;
2;12;00760;Avaliação Docente UniCatolica 2026.1;218;1;91830088;52105;4;Coerência entre a Missão Institucional e os Projetos de Extensão;A;Excelente;CONCLUIDO;
2;12;00760;Avaliação Docente UniCatolica 2026.1;218;1;91830088;52105;5;Coerência entre a Missão Institucional e atividades culturais e artísticas;B;Bom;CONCLUIDO;
2;12;00760;Avaliação Docente UniCatolica 2026.1;218;1;91830088;52105;6;Coerência entre a Missão Institucional e atividades de iniciação científica e tecnológica;B;Bom;CONCLUIDO;
2;12;00760;Avaliação Docente UniCatolica 2026.1;218;1;91830088;52105;7;Coerência entre a Missão Institucional e atividades relacionadas à espiritualidade;A;Excelente;CONCLUIDO;
2;12;00760;Avaliação Docente UniCatolica 2026.1;218;1;91830088;52105;8;Coerência entre a Missão Institucional e iniciativas efetivas de preservação ambiental;A;Excelente;CONCLUIDO;
2;12;00760;Avaliação Docente UniCatolica 2026.1;218;1;91830088;52105;9;Divulgação e clareza dos editais (extensão e iniciação científica);B;Bom;CONCLUIDO;
2;12;00760;Avaliação Docente UniCatolica 2026.1;218;1;91830146;52105;1;Efetividade das melhorias decorrentes da autoavaliação institucional;B;Bom;CONCLUIDO;
2;12;00760;Avaliação Docente UniCatolica 2026.1;218;1;91830146;52105;10;Apoio institucional para execução dos planos de ensino;B;Bom;CONCLUIDO;
2;12;00760;Avaliação Docente UniCatolica 2026.1;218;1;91830146;52105;11;Comentários/Sugestões para melhorias:;;;CONCLUIDO;
2;12;00760;Avaliação Docente UniCatolica 2026.1;218;1;91830146;52105;2;Feedback sobre os resultados da avaliação institucional;B;Bom;CONCLUIDO;
2;12;00760;Avaliação Docente UniCatolica 2026.1;218;1;91830146;52105;3;Coerência entre a Missão Institucional "Ser presença educativa, por meio de ações em rede de Ensino, Pesquisa e Extensão que propiciem a formação integral da comunidade e contribuam com a transformação da sociedade." e os Planos de Ensino;A;Excelente;CONCLUIDO;
2;12;00760;Avaliação Docente UniCatolica 2026.1;218;1;91830146;52105;4;Coerência entre a Missão Institucional e os Projetos de Extensão;B;Bom;CONCLUIDO;
2;12;00760;Avaliação Docente UniCatolica 2026.1;218;1;91830146;52105;5;Coerência entre a Missão Institucional e atividades culturais e artísticas;B;Bom;CONCLUIDO;
2;12;00760;Avaliação Docente UniCatolica 2026.1;218;1;91830146;52105;6;Coerência entre a Missão Institucional e atividades de iniciação científica e tecnológica;A;Excelente;CONCLUIDO;
2;12;00760;Avaliação Docente UniCatolica 2026.1;218;1;91830146;52105;7;Coerência entre a Missão Institucional e atividades relacionadas à espiritualidade;B;Bom;CONCLUIDO;
2;12;00760;Avaliação Docente UniCatolica 2026.1;218;1;91830146;52105;8;Coerência entre a Missão Institucional e iniciativas efetivas de preservação ambiental;B;Bom;CONCLUIDO;
2;12;00760;Avaliação Docente UniCatolica 2026.1;218;1;91830146;52105;9;Divulgação e clareza dos editais (extensão e iniciação científica);B;Bom;CONCLUIDO;
2;12;00760;Avaliação Docente UniCatolica 2026.1;218;1;91850179;52105;1;Efetividade das melhorias decorrentes da autoavaliação institucional;B;Bom;CONCLUIDO;
2;12;00760;Avaliação Docente UniCatolica 2026.1;218;1;91850179;52105;10;Apoio institucional para execução dos planos de ensino;C;Regular;CONCLUIDO;
2;12;00760;Avaliação Docente UniCatolica 2026.1;218;1;91850179;52105;11;Comentários/Sugestões para melhorias:;;;CONCLUIDO;
2;12;00760;Avaliação Docente UniCatolica 2026.1;218;1;91850179;52105;2;Feedback sobre os resultados da avaliação institucional;A;Excelente;CONCLUIDO;
2;12;00760;Avaliação Docente UniCatolica 2026.1;218;1;91850179;52105;3;Coerência entre a Missão Institucional "Ser presença educativa, por meio de ações em rede de Ensino, Pesquisa e Extensão que propiciem a formação integral da comunidade e contribuam com a transformação da sociedade." e os Planos de Ensino;B;Bom;CONCLUIDO;
2;12;00760;Avaliação Docente UniCatolica 2026.1;218;1;91850179;52105;4;Coerência entre a Missão Institucional e os Projetos de Extensão;B;Bom;CONCLUIDO;
2;12;00760;Avaliação Docente UniCatolica 2026.1;218;1;91850179;52105;5;Coerência entre a Missão Institucional e atividades culturais e artísticas;B;Bom;CONCLUIDO;
2;12;00760;Avaliação Docente UniCatolica 2026.1;218;1;91850179;52105;6;Coerência entre a Missão Institucional e atividades de iniciação científica e tecnológica;B;Bom;CONCLUIDO;
2;12;00760;Avaliação Docente UniCatolica 2026.1;218;1;91850179;52105;7;Coerência entre a Missão Institucional e atividades relacionadas à espiritualidade;B;Bom;CONCLUIDO;
2;12;00760;Avaliação Docente UniCatolica 2026.1;218;1;91850179;52105;8;Coerência entre a Missão Institucional e iniciativas efetivas de preservação ambiental;B;Bom;CONCLUIDO;
2;12;00760;Avaliação Docente UniCatolica 2026.1;218;1;91850179;52105;9;Divulgação e clareza dos editais (extensão e iniciação científica);C;Regular;CONCLUIDO;
2;12;00760;Avaliação Docente UniCatolica 2026.1;218;1;91864364;52105;1;Efetividade das melhorias decorrentes da autoavaliação institucional;B;Bom;CONCLUIDO;
2;12;00760;Avaliação Docente UniCatolica 2026.1;218;1;91864364;52105;10;Apoio institucional para execução dos planos de ensino;B;Bom;CONCLUIDO;
2;12;00760;Avaliação Docente UniCatolica 2026.1;218;1;91864364;52105;11;Comentários/Sugestões para melhorias:;;;CONCLUIDO;
2;12;00760;Avaliação Docente UniCatolica 2026.1;218;1;91864364;52105;2;Feedback sobre os resultados da avaliação institucional;A;Excelente;CONCLUIDO;
2;12;00760;Avaliação Docente UniCatolica 2026.1;218;1;91864364;52105;3;Coerência entre a Missão Institucional "Ser presença educativa, por meio de ações em rede de Ensino, Pesquisa e Extensão que propiciem a formação integral da comunidade e contribuam com a transformação da sociedade." e os Planos de Ensino;C;Regular;CONCLUIDO;
2;12;00760;Avaliação Docente UniCatolica 2026.1;218;1;91864364;52105;4;Coerência entre a Missão Institucional e os Projetos de Extensão;B;Bom;CONCLUIDO;
2;12;00760;Avaliação Docente UniCatolica 2026.1;218;1;91864364;52105;5;Coerência entre a Missão Institucional e atividades culturais e artísticas;B;Bom;CONCLUIDO;
2;12;00760;Avaliação Docente UniCatolica 2026.1;218;1;91864364;52105;6;Coerência entre a Missão Institucional e atividades de iniciação científica e tecnológica;B;Bom;CONCLUIDO;
2;12;00760;Avaliação Docente UniCatolica 2026.1;218;1;91864364;52105;7;Coerência entre a Missão Institucional e atividades relacionadas à espiritualidade;B;Bom;CONCLUIDO;
2;12;00760;Avaliação Docente UniCatolica 2026.1;218;1;91864364;52105;8;Coerência entre a Missão Institucional e iniciativas efetivas de preservação ambiental;B;Bom;CONCLUIDO;
2;12;00760;Avaliação Docente UniCatolica 2026.1;218;1;91864364;52105;9;Divulgação e clareza dos editais (extensão e iniciação científica);A;Excelente;CONCLUIDO;
2;12;00760;Avaliação Docente UniCatolica 2026.1;218;1;91901004;52105;1;Efetividade das melhorias decorrentes da autoavaliação institucional;A;Excelente;CONCLUIDO;
2;12;00760;Avaliação Docente UniCatolica 2026.1;218;1;91901004;52105;10;Apoio institucional para execução dos planos de ensino;A;Excelente;CONCLUIDO;
2;12;00760;Avaliação Docente UniCatolica 2026.1;218;1;91901004;52105;11;Comentários/Sugestões para melhorias:;;;CONCLUIDO;
2;12;00760;Avaliação Docente UniCatolica 2026.1;218;1;91901004;52105;2;Feedback sobre os resultados da avaliação institucional;A;Excelente;CONCLUIDO;
2;12;00760;Avaliação Docente UniCatolica 2026.1;218;1;91901004;52105;3;Coerência entre a Missão Institucional "Ser presença educativa, por meio de ações em rede de Ensino, Pesquisa e Extensão que propiciem a formação integral da comunidade e contribuam com a transformação da sociedade." e os Planos de Ensino;A;Excelente;CONCLUIDO;
2;12;00760;Avaliação Docente UniCatolica 2026.1;218;1;91901004;52105;4;Coerência entre a Missão Institucional e os Projetos de Extensão;A;Excelente;CONCLUIDO;
2;12;00760;Avaliação Docente UniCatolica 2026.1;218;1;91901004;52105;5;Coerência entre a Missão Institucional e atividades culturais e artísticas;A;Excelente;CONCLUIDO;
2;12;00760;Avaliação Docente UniCatolica 2026.1;218;1;91901004;52105;6;Coerência entre a Missão Institucional e atividades de iniciação científica e tecnológica;B;Bom;CONCLUIDO;
2;12;00760;Avaliação Docente UniCatolica 2026.1;218;1;91901004;52105;7;Coerência entre a Missão Institucional e atividades relacionadas à espiritualidade;A;Excelente;CONCLUIDO;
2;12;00760;Avaliação Docente UniCatolica 2026.1;218;1;91901004;52105;8;Coerência entre a Missão Institucional e iniciativas efetivas de preservação ambiental;A;Excelente;CONCLUIDO;
2;12;00760;Avaliação Docente UniCatolica 2026.1;218;1;91901004;52105;9;Divulgação e clareza dos editais (extensão e iniciação científica);A;Excelente;CONCLUIDO;
